marca,modelo,año,kilometros,precio,descuento,color,combustible,transmision,estado
BMW,X5,1998,159087,30391.77,8,plateado,gasolina,manual,regular
GMC,Savana 2500,2009,151064,18481.98,19,naranja,diesel,automatico,sobresaliente
Chevrolet,G-Series G10,2015,128977,48924.91,16,amarillo,diesel,manual,regular
GMC,1500 Club Coupe,2001,180990,1558.82,,morado,electrico,automatico,bueno
Ford,E-350 Super Duty,2012,71759,9220.43,,verde,gasolina,automatico,bueno
Mercedes-Benz,S-Class,2005,175184,8206.69,18,naranja,glp,automatico,deteriorado
GMC,Sierra 3500,1996,143908,15526.08,,blanco,gasolina,automatico,impecable
Infiniti,QX,2002,99659,15505.45,10,negro,diesel,manual,impecable
Infiniti,Q,2000,83078,35110.44,,blanco,glp,automatico,excelente
Chrysler,PT Cruiser,1995,172628,20890.01,,rojo,hibrido,automatico,deteriorado
Lamborghini,Diablo,2005,12713,49860.14,15,rosa,glp,manual,deteriorado
Ford,Mustang,2016,150860,35546.77,10,morado,electrico,manual,sobresaliente
Volvo,S80,2001,99564,44306.17,7,rojo,gasolina,manual,malo
Nissan,280ZX,2007,60291,27410.8,8,verde,electrico,manual,regular
Mercedes-Benz,SL-Class,2020,46316,25539.42,8,negro,gasolina,manual,impecable
Ford,Econoline E150,2010,60952,30326.93,9,morado,hibrido,manual,impecable
Toyota,Avalon,2019,192811,4499.14,7,negro,glp,manual,impecable
Chevrolet,Suburban 1500,1999,120537,38665.93,19,negro,glp,automatico,aceptable
Land Rover,LR2,2022,184010,19616.32,12,rosa,diesel,automatico,regular
Chrysler,200,2001,34618,28243.86,8,naranja,hibrido,manual,sobresaliente
Jeep,Liberty,2003,171809,43364.33,17,blanco,glp,automatico,regular
Corbin,Sparrow,2021,86369,37173.07,15,plateado,diesel,manual,regular
Nissan,Quest,2004,95809,45908.09,,azul,electrico,manual,bueno
GMC,Yukon,1995,162497,21335.02,,plateado,gasolina,manual,deteriorado
BMW,530,2003,126410,39090.97,6,naranja,glp,manual,excelente
Nissan,Versa,2017,167209,24081.01,,rosa,glp,manual,impecable
Volvo,V70,2000,67921,18185.2,15,verde,diesel,automatico,impecable
Volkswagen,Passat,1999,142187,47577.33,9,verde,gasolina,manual,bueno
Porsche,911,2009,135966,40730.29,,azul,glp,automatico,regular
Mazda,MPV,1999,21812,35879.96,11,verde,hibrido,automatico,excelente
BMW,X5,2000,110086,44511.69,,blanco,hibrido,automatico,aceptable
Chrysler,300,2019,115446,33068.38,15,azul,hibrido,manual,deteriorado
Nissan,Altima,2003,110023,4929.77,,naranja,diesel,automatico,aceptable
Toyota,Avalon,1996,181023,38300.61,10,plateado,hibrido,automatico,impecable
Geo,Prizm,2000,152927,37817.01,13,verde,electrico,manual,regular
Chevrolet,Astro,2018,163078,40188.97,,naranja,glp,automatico,sobresaliente
Land Rover,LR2,1999,187812,13417.78,18,amarillo,gasolina,manual,aceptable
Lincoln,MKX,2004,125993,3401.36,12,amarillo,hibrido,automatico,impecable
Mercedes-Benz,500SL,2021,194964,5158.17,7,azul,glp,automatico,impecable
Hummer,H1,2013,37798,24213.33,18,amarillo,glp,automatico,deteriorado
BMW,X5 M,2011,6553,44020.64,18,rosa,gasolina,manual,deteriorado
Buick,LeSabre,2015,90874,32219.94,,amarillo,electrico,automatico,sobresaliente
Chevrolet,S10 Blazer,2003,92619,7820.7,17,morado,glp,automatico,malo
Geo,Storm,2022,177631,16369.61,,blanco,diesel,automatico,impecable
Pontiac,Grand Am,2007,159601,21035.14,18,rojo,diesel,manual,sobresaliente
Volkswagen,New Beetle,2015,45201,21408.29,,naranja,glp,manual,impecable
Mercury,Mountaineer,1999,168240,10665.88,12,rosa,electrico,manual,malo
Volvo,V50,2022,186385,4055.53,16,plateado,gasolina,manual,sobresaliente
Dodge,Dakota,2018,102757,9639.23,7,negro,gasolina,automatico,malo
Lincoln,Town Car,2015,64739,30355.54,9,rosa,electrico,automatico,sobresaliente
GMC,Sierra,2005,191021,10802.73,14,plateado,glp,manual,deteriorado
Maybach,Landaulet,2022,123145,17171.84,,verde,glp,manual,impecable
Isuzu,Axiom,2014,199320,5920.25,,rosa,gasolina,manual,regular
Audi,A4,2015,164403,42209.74,20,plateado,electrico,manual,regular
Mitsubishi,Eclipse,2018,28882,13465.72,,negro,electrico,manual,sobresaliente
Subaru,Forester,2015,115576,20243.03,7,negro,electrico,manual,deteriorado
Porsche,911,2019,27475,34400.77,,negro,diesel,automatico,excelente
Subaru,Impreza,2003,149033,48519.36,19,naranja,glp,automatico,excelente
Dodge,Ram Van 1500,2003,61769,37643.91,13,negro,hibrido,manual,regular
Ford,Country,2017,55271,43585.03,,blanco,glp,automatico,sobresaliente
Ram,3500,2017,67508,1868.17,10,verde,electrico,manual,regular
Kia,Sportage,2022,175315,38531.76,7,amarillo,hibrido,manual,impecable
Toyota,RAV4,1997,161703,1866.19,,negro,gasolina,automatico,aceptable
Subaru,Forester,2014,25947,39649.07,9,morado,electrico,automatico,malo
Volkswagen,Jetta,2016,53152,31430.96,9,amarillo,gasolina,automatico,impecable
Cadillac,Escalade EXT,2015,136535,25063.4,8,morado,hibrido,manual,impecable
Acura,Vigor,2017,136321,29159.12,18,negro,diesel,manual,bueno
Chevrolet,Tahoe,2013,140329,34031.95,16,morado,glp,automatico,excelente
Chevrolet,Camaro,2018,156243,32639.47,5,rojo,hibrido,manual,aceptable
Suzuki,Esteem,2015,137527,2523.62,,blanco,electrico,automatico,bueno
Lincoln,Navigator L,2017,49949,11927.79,18,rosa,hibrido,automatico,malo
Mercedes-Benz,SLS AMG,1997,146362,42289.71,8,negro,gasolina,manual,deteriorado
Mazda,MX-6,1995,66153,26731.78,5,morado,glp,automatico,malo
Honda,Civic,1996,87205,29529.38,,verde,gasolina,manual,impecable
Mercedes-Benz,C-Class,2022,87505,5570.98,,verde,hibrido,automatico,bueno
Ford,Econoline E250,1996,16979,17947.49,11,morado,diesel,manual,aceptable
Dodge,D150 Club,1999,109476,14313.33,9,negro,gasolina,automatico,malo
Chevrolet,Silverado Hybrid,2021,190710,23553.19,5,rojo,diesel,manual,regular
Pontiac,6000,2016,124333,4362.28,12,rosa,electrico,manual,aceptable
GMC,2500,2008,10002,36271.88,,morado,gasolina,automatico,aceptable
Toyota,Celica,2003,61136,20732.1,,plateado,hibrido,automatico,sobresaliente
Ford,E150,2012,161457,15832.51,20,rojo,electrico,manual,deteriorado
Buick,Riviera,1995,1194,15562.73,,morado,glp,manual,impecable
Mitsubishi,Truck,2005,88260,32971.16,,rojo,electrico,automatico,excelente
Chevrolet,HHR,2000,189143,14640.41,,rojo,diesel,automatico,malo
Mercury,Montego,2015,165594,31638.81,11,morado,gasolina,automatico,bueno
Chevrolet,Tracker,2011,144931,34855.13,12,blanco,hibrido,manual,regular
Maserati,Quattroporte,1999,62345,37106.33,17,rosa,glp,manual,deteriorado
Mitsubishi,Montero,1996,54416,45869.97,8,verde,gasolina,automatico,impecable
Chevrolet,Impala,2012,138344,24218.66,,azul,electrico,automatico,malo
Scion,tC,2002,124348,31885.23,9,blanco,diesel,manual,impecable
Chrysler,Concorde,2006,156230,42180.18,17,morado,hibrido,manual,regular
Ford,Fusion,2001,31684,4891.88,14,rojo,gasolina,automatico,excelente
Land Rover,Range Rover Evoque,1998,73220,42707.46,8,amarillo,diesel,manual,deteriorado
Ford,Bronco II,1995,61631,3319.64,15,blanco,hibrido,automatico,sobresaliente
Nissan,Maxima,2011,171977,7195.96,14,negro,diesel,manual,regular
Jeep,Wrangler,2007,18426,33067.49,14,verde,gasolina,automatico,sobresaliente
Volkswagen,New Beetle,2001,106999,47356.17,,azul,electrico,manual,regular
Dodge,Charger,2004,11833,20460.81,16,plateado,gasolina,automatico,aceptable
Nissan,Sentra,1996,65183,6004.26,,blanco,hibrido,manual,excelente
Chevrolet,Astro,2015,22853,28124.06,14,rosa,glp,manual,regular
Ford,F350,2015,169838,17726.68,7,rojo,gasolina,automatico,excelente
Dodge,Dakota,2002,140835,22032.63,20,naranja,glp,automatico,bueno
Audi,100,2021,70260,38272.86,12,plateado,diesel,manual,excelente
Mitsubishi,Diamante,2019,102760,25154.04,5,negro,gasolina,manual,malo
Maserati,Quattroporte,1997,90477,37971.39,18,morado,gasolina,automatico,aceptable
Ford,Taurus,2002,196534,30150.77,12,negro,gasolina,automatico,impecable
Ferrari,F430 Spider,2014,41098,32381.19,8,rojo,glp,manual,bueno
Suzuki,Sidekick,2018,98826,35783.35,18,rojo,electrico,manual,impecable
Lexus,ES,2012,103142,36186.17,9,blanco,diesel,manual,aceptable
Cadillac,Escalade ESV,2011,185508,42016.29,11,naranja,diesel,automatico,excelente
Chevrolet,Express 3500,1998,157881,19518.92,,rojo,gasolina,manual,sobresaliente
Buick,Coachbuilder,2004,141435,28435.41,,morado,gasolina,automatico,deteriorado
Subaru,XT,2010,163222,20464.78,10,azul,glp,manual,aceptable
GMC,Envoy,2008,3323,39159.8,14,rojo,electrico,automatico,excelente
Buick,Regal,2013,13752,26263.27,9,azul,diesel,automatico,regular
Chevrolet,Cavalier,2010,93406,17147.98,17,blanco,hibrido,manual,impecable
Cadillac,Eldorado,2002,113677,11238.43,11,morado,diesel,manual,regular
BMW,X3,2000,17747,14139.13,10,rosa,gasolina,automatico,aceptable
Mercury,Mariner,2012,82152,34453.36,17,verde,gasolina,manual,malo
Toyota,Prius,2007,22710,24934.41,,rojo,electrico,automatico,malo
Subaru,Forester,2020,141422,46231.42,,blanco,gasolina,manual,bueno
GMC,Savana 3500,2004,117804,40709.68,,morado,hibrido,automatico,aceptable
Nissan,300ZX,2020,171671,20271.44,8,azul,glp,automatico,excelente
Chevrolet,S10,2017,31383,15149.19,19,naranja,hibrido,manual,impecable
Ford,Thunderbird,2010,99187,9811.53,,rosa,electrico,manual,regular
Oldsmobile,Silhouette,2006,198655,1495.72,20,rojo,glp,manual,deteriorado
Buick,Skyhawk,2013,182871,18524.06,19,amarillo,hibrido,manual,aceptable
Ford,Thunderbird,2011,127238,44593.06,10,plateado,diesel,automatico,bueno
Volkswagen,Passat,2005,26032,21822.05,9,morado,gasolina,manual,impecable
Pontiac,Daewoo Kalos,2020,4271,10938.4,19,rojo,hibrido,manual,bueno
Hummer,H2,2015,120013,45723.03,11,blanco,electrico,manual,aceptable
Ford,E-Series,2016,88571,33593.66,17,verde,gasolina,manual,aceptable
Toyota,Xtra,2015,48919,41124.96,12,rojo,hibrido,automatico,aceptable
Subaru,Brat,2009,79384,19878.32,,plateado,hibrido,automatico,malo
Cadillac,DeVille,2006,137248,19324.14,15,rosa,electrico,automatico,malo
BMW,5 Series,2003,46323,13051.73,6,morado,diesel,automatico,malo
Infiniti,Q,1997,18195,24011.04,,negro,glp,automatico,regular
GMC,Sierra 2500,2001,58207,12486.03,10,rojo,gasolina,manual,aceptable
Dodge,Grand Caravan,1995,53949,29643.1,,amarillo,gasolina,manual,deteriorado
Mercury,Lynx,2009,166593,9079.18,5,blanco,gasolina,manual,regular
Daewoo,Lanos,2010,144533,20363.89,16,plateado,gasolina,automatico,malo
Ford,Focus,2018,24108,44415.98,,azul,hibrido,manual,aceptable
Subaru,Legacy,2007,22848,13677.19,13,rojo,electrico,manual,malo
Audi,Quattro,2019,169059,44579.09,6,rojo,gasolina,manual,impecable
Chevrolet,Camaro,1999,97862,24106.56,12,negro,glp,manual,aceptable
Dodge,Dakota,2021,79102,20688.1,14,morado,gasolina,manual,impecable
Ford,Explorer Sport,2013,48002,14415.64,19,morado,electrico,manual,sobresaliente
Pontiac,G6,1999,40926,10854.19,6,blanco,hibrido,automatico,excelente
Hyundai,Elantra,2004,126004,10822.76,9,blanco,glp,automatico,deteriorado
Chevrolet,Tahoe,2004,454,36658.29,6,amarillo,hibrido,automatico,impecable
Cadillac,Eldorado,2008,177091,34473.77,,rojo,diesel,manual,impecable
Audi,S5,2003,99360,32192.25,16,amarillo,hibrido,automatico,aceptable
Mazda,Millenia,2022,97878,21992.98,5,negro,glp,automatico,regular
Isuzu,i-350,1996,186245,29231.77,15,azul,electrico,manual,regular
GMC,Envoy,2019,26955,41455.33,6,azul,electrico,automatico,excelente
Buick,Regal,2001,181485,3481.39,10,azul,electrico,manual,deteriorado
Chevrolet,G-Series 3500,2016,118541,43909.84,16,azul,gasolina,manual,bueno
Mitsubishi,Montero,2022,178322,47559.29,,negro,diesel,manual,bueno
Dodge,Shadow,1995,89674,16142.68,,blanco,glp,manual,sobresaliente
Audi,S4,2007,36457,27449.0,,naranja,diesel,manual,malo
Lamborghini,Countach,1997,87919,19425.85,,rosa,glp,automatico,impecable
Mercury,Grand Marquis,2006,73016,13900.65,11,amarillo,diesel,manual,impecable
Audi,Q7,1995,31353,17006.32,9,rosa,hibrido,automatico,malo
Honda,Civic GX,2016,26424,36853.45,10,blanco,gasolina,automatico,regular
Dodge,Ram 3500,2013,80144,6020.48,,verde,gasolina,automatico,excelente
Isuzu,Space,2011,158585,30544.07,13,naranja,diesel,automatico,regular
Dodge,Intrepid,1999,66172,45351.39,13,plateado,gasolina,automatico,aceptable
GMC,Rally Wagon 1500,2021,67964,46911.89,16,plateado,gasolina,automatico,excelente
Lexus,LFA,2009,147174,4999.16,11,morado,glp,manual,regular
Chrysler,Cirrus,2009,80108,43891.18,9,rojo,gasolina,automatico,bueno
Ford,Mustang,2007,111925,33946.69,,plateado,glp,manual,impecable
Toyota,Avalon,2009,182979,5654.98,10,naranja,glp,manual,aceptable
Pontiac,Montana,2000,88323,26714.21,,azul,gasolina,manual,bueno
Ford,Expedition,1997,158807,4104.52,19,blanco,electrico,manual,excelente
Ford,Freestar,2004,180820,31501.53,14,verde,diesel,manual,sobresaliente
Honda,Accord Crosstour,2009,106746,3834.32,11,plateado,electrico,manual,bueno
Mazda,626,1999,28529,10701.97,18,amarillo,hibrido,automatico,excelente
Buick,Reatta,2017,100083,30519.05,,blanco,gasolina,manual,regular
Pontiac,Grand Prix,2011,10199,31294.28,6,morado,diesel,automatico,bueno
Ford,Crown Victoria,2001,35794,46651.01,18,plateado,diesel,manual,bueno
Audi,A4,2021,70498,42095.01,8,negro,glp,automatico,aceptable
Pontiac,Firefly,1996,16811,4123.17,,rosa,electrico,automatico,malo
Mitsubishi,Diamante,2019,108970,48695.28,6,plateado,gasolina,automatico,aceptable
Mercury,Monterey,2022,176425,34141.31,6,amarillo,electrico,automatico,excelente
Chevrolet,Silverado 1500,2022,80915,32578.57,13,negro,gasolina,automatico,excelente
Mitsubishi,Lancer Evolution,2002,112620,22758.51,,rosa,glp,manual,impecable
Buick,LaCrosse,1999,116092,46921.75,13,blanco,electrico,manual,aceptable
Volvo,S90,2005,121669,7671.36,9,morado,hibrido,manual,excelente
Dodge,Stratus,2004,168199,29289.55,10,rosa,electrico,automatico,regular
Pontiac,Solstice,2022,6611,42151.49,17,azul,hibrido,automatico,impecable
Isuzu,Ascender,2013,63548,36432.68,15,rosa,diesel,manual,regular
Volkswagen,New Beetle,2013,118334,20643.6,16,morado,hibrido,manual,bueno
Land Rover,LR3,1995,43444,21863.32,11,negro,glp,manual,aceptable
Suzuki,Grand Vitara,1998,24296,18830.89,,rojo,gasolina,automatico,regular
Chevrolet,Astro,2008,9920,13811.52,16,morado,gasolina,manual,regular
Lincoln,Town Car,2022,198460,44923.41,14,negro,gasolina,automatico,sobresaliente
Lotus,Esprit,2009,141579,49603.92,19,rosa,glp,manual,aceptable
Volvo,C70,2004,188016,15626.69,11,negro,hibrido,automatico,bueno
Kia,Optima,1998,94465,32757.18,5,amarillo,gasolina,automatico,excelente
Ford,Explorer,1999,108507,4273.2,18,negro,hibrido,manual,sobresaliente
Ford,Taurus,2003,29176,23423.7,20,negro,diesel,manual,regular
Toyota,Prius,2019,118386,15676.12,,verde,hibrido,manual,impecable
Suzuki,Forenza,1999,19951,20574.32,9,blanco,diesel,manual,aceptable
Nissan,Armada,1995,83574,32120.0,,rojo,diesel,automatico,impecable
Mazda,Protege,2014,19025,29311.34,14,amarillo,hibrido,manual,excelente
Ferrari,458 Italia,2009,72601,26858.38,,azul,gasolina,manual,deteriorado
Mitsubishi,GTO,2022,94901,20052.92,7,morado,electrico,automatico,impecable
Toyota,Celica,2002,35980,33602.87,16,plateado,electrico,manual,sobresaliente
Pontiac,LeMans,2017,145086,41936.87,18,azul,hibrido,manual,bueno
Acura,Integra,1998,52797,23658.69,15,plateado,hibrido,automatico,sobresaliente
Land Rover,Defender,2006,116868,23154.97,11,rosa,hibrido,manual,malo
GMC,Sierra,2021,153155,10636.94,14,rojo,diesel,automatico,excelente
Honda,Odyssey,2000,145402,34339.81,,naranja,diesel,automatico,regular
Land Rover,Range Rover,2020,65768,37285.09,9,rojo,glp,automatico,aceptable
Lamborghini,Gallardo,1997,8544,46655.43,16,amarillo,diesel,manual,bueno
Honda,CR-V,2015,154475,31713.57,,negro,glp,automatico,excelente
Subaru,Loyale,2009,25275,14229.93,,negro,electrico,automatico,impecable
Land Rover,Range Rover,1995,123469,10396.89,15,negro,glp,manual,excelente
Nissan,Titan,2006,13238,3499.92,15,naranja,diesel,automatico,excelente
Mercury,Capri,1995,113614,37986.95,14,azul,hibrido,manual,malo
Ford,Taurus,2012,134711,36507.46,18,rosa,electrico,automatico,sobresaliente
Toyota,Sequoia,2008,103325,42075.52,8,naranja,hibrido,automatico,deteriorado
Buick,Electra,2008,13083,45959.98,11,blanco,electrico,manual,impecable
Suzuki,Grand Vitara,2015,33309,32440.25,20,azul,gasolina,automatico,excelente
BMW,3 Series,2018,183537,10333.72,,plateado,diesel,manual,regular
GMC,2500,2011,105910,48140.11,20,azul,glp,automatico,regular
GMC,Sierra 3500HD,2015,154239,1893.11,,plateado,glp,automatico,aceptable
Toyota,Sienna,1998,144286,5888.22,,rojo,electrico,manual,impecable
Pontiac,Trans Sport,2003,130255,1681.04,12,blanco,diesel,automatico,excelente
Chevrolet,Cobalt SS,2012,109733,29231.26,13,verde,glp,manual,aceptable
Mitsubishi,Diamante,2006,109959,33397.76,19,verde,hibrido,automatico,sobresaliente
Toyota,Highlander,1999,88240,8381.08,,verde,diesel,automatico,impecable
Toyota,Xtra,1997,4469,33308.2,5,negro,diesel,manual,bueno
Mazda,RX-7,2002,4689,40512.25,12,plateado,hibrido,manual,aceptable
GMC,Savana 3500,2001,78745,12888.86,7,morado,electrico,manual,malo
Audi,A5,1997,17641,22034.54,8,azul,gasolina,automatico,aceptable
Geo,Tracker,1997,83578,7264.55,12,morado,electrico,automatico,excelente
Mitsubishi,Cordia,2013,18977,29422.27,16,plateado,electrico,automatico,deteriorado
Dodge,Dakota,1996,181458,17966.54,8,rosa,diesel,manual,bueno
Kia,Rio,2006,126301,7786.42,8,amarillo,electrico,automatico,malo
Dodge,Dakota Club,2001,160678,3081.6,13,morado,diesel,automatico,impecable
Suzuki,SJ,2006,152924,48364.48,,amarillo,hibrido,manual,impecable
Honda,S2000,2021,134313,30800.32,5,morado,diesel,automatico,sobresaliente
Ford,Edge,2020,16714,32160.23,11,plateado,electrico,automatico,sobresaliente
Chevrolet,S10,2011,33590,8663.61,19,plateado,electrico,automatico,malo
Dodge,Grand Caravan,1995,161937,13092.31,20,naranja,diesel,manual,malo
BMW,6 Series,1997,164712,6453.69,,blanco,hibrido,automatico,malo
Chevrolet,Corvette,2017,13463,18045.77,,rojo,diesel,manual,bueno
Toyota,Sequoia,2001,101894,6678.37,18,verde,hibrido,manual,impecable
Porsche,Boxster,2005,87600,14661.23,8,verde,glp,automatico,malo
Acura,TL,1999,92279,33271.86,,rosa,diesel,manual,excelente
Mercedes-Benz,GL-Class,2003,23589,23314.3,7,azul,hibrido,manual,impecable
Mazda,626,2006,101410,33844.8,17,verde,diesel,automatico,regular
Honda,Prelude,2004,88253,24697.75,17,verde,hibrido,automatico,deteriorado
Mercury,Sable,1996,58146,22320.21,15,negro,diesel,automatico,regular
Ford,Expedition,2022,162642,9178.72,9,plateado,diesel,manual,excelente
Lexus,ES,2004,166382,33637.97,5,azul,hibrido,automatico,malo
Pontiac,Sunfire,2015,103022,48977.36,17,amarillo,gasolina,automatico,aceptable
Volvo,XC90,2003,152785,45807.65,15,rojo,gasolina,manual,impecable
Hyundai,Sonata,2013,12523,20847.82,,naranja,gasolina,automatico,bueno
Volvo,V40,2012,121428,24577.65,5,amarillo,gasolina,automatico,aceptable
Mazda,Mazda2,2010,122377,13976.44,13,blanco,electrico,automatico,sobresaliente
Mercury,Mariner,2005,146225,30453.49,14,rojo,diesel,automatico,aceptable
Nissan,Maxima,2017,40005,11466.35,17,plateado,gasolina,manual,malo
Ford,Mustang,2014,184946,21840.08,,plateado,diesel,automatico,sobresaliente
Pontiac,Sunbird,2021,175001,8656.03,17,rosa,glp,manual,aceptable
Buick,Riviera,1995,54989,47904.43,15,blanco,hibrido,manual,excelente
Acura,TL,2013,129352,22022.19,,amarillo,glp,manual,aceptable
Mazda,MX-5,2020,74693,36308.78,,naranja,hibrido,manual,bueno
Ford,Econoline E250,2022,188685,14500.5,11,naranja,electrico,manual,sobresaliente
Saab,9-5,2011,1077,25807.43,7,plateado,glp,manual,aceptable
Mazda,Mazda6 Sport,2011,139616,32554.68,17,rosa,gasolina,manual,malo
Chevrolet,Express 3500,2014,86691,8337.94,6,plateado,glp,manual,bueno
Ford,F150,2006,50449,16603.2,16,amarillo,hibrido,automatico,aceptable
Hyundai,Accent,1999,39539,49090.32,14,verde,electrico,manual,excelente
Volvo,S40,1999,142023,27529.62,12,morado,glp,manual,excelente
Ford,F-Series,2005,60766,15546.11,13,amarillo,glp,automatico,sobresaliente
Mitsubishi,Mighty Max,2013,119592,42296.09,,rosa,diesel,manual,bueno
Mitsubishi,Mighty Max,2015,130805,16490.61,,rosa,hibrido,manual,excelente
Buick,Skylark,2011,183844,5313.68,18,azul,gasolina,automatico,malo
Chevrolet,Silverado 3500,2019,53570,22863.59,15,morado,diesel,automatico,deteriorado
Hyundai,Sonata,2006,43748,10631.82,19,rosa,diesel,manual,deteriorado
Volkswagen,Cabriolet,2019,133717,12648.3,,negro,electrico,automatico,malo
Isuzu,Trooper,2016,89243,38979.95,20,rojo,electrico,automatico,sobresaliente
Dodge,Avenger,1998,111008,14694.2,16,plateado,gasolina,manual,sobresaliente
Ford,F150,2008,45948,32800.89,,rojo,glp,automatico,sobresaliente
Hummer,H2,2007,80459,28473.24,8,amarillo,diesel,manual,regular
Pontiac,Parisienne,2009,7397,37437.09,7,negro,diesel,manual,aceptable
Chevrolet,S10,2016,14464,8485.78,,rosa,electrico,automatico,excelente
Subaru,XT,2004,192000,2814.95,11,negro,gasolina,automatico,sobresaliente
Mazda,929,2004,118821,31680.53,12,azul,diesel,manual,malo
Land Rover,Range Rover,2022,66109,4864.49,15,negro,electrico,automatico,aceptable
Honda,Odyssey,2011,71860,36868.61,19,plateado,gasolina,manual,deteriorado
Hummer,H2,2000,16659,17281.18,8,azul,glp,automatico,bueno
Saab,9-5,1996,3511,21054.52,18,plateado,hibrido,automatico,impecable
Cadillac,Allante,2009,10818,1817.06,15,verde,glp,automatico,deteriorado
BMW,Z3,2000,14533,48106.48,,azul,electrico,automatico,deteriorado
Acura,TSX,2004,53016,14250.03,19,naranja,hibrido,automatico,bueno
Chevrolet,Express,2000,42812,24509.09,,negro,gasolina,automatico,regular
Acura,TL,2020,178711,44819.8,,naranja,gasolina,automatico,excelente
Mercury,Montego,2021,93713,21338.62,19,amarillo,glp,automatico,aceptable
BMW,6 Series,2008,71120,36657.15,7,plateado,hibrido,manual,deteriorado
Chevrolet,Lumina APV,2005,149116,48007.94,,negro,hibrido,automatico,excelente
Geo,Metro,2003,156641,37134.08,9,morado,electrico,automatico,excelente
Volkswagen,New Beetle,2002,194050,16919.26,14,blanco,electrico,manual,sobresaliente
Toyota,Land Cruiser,2013,170588,12176.19,,naranja,glp,manual,deteriorado
Nissan,Datsun/Nissan Z-car,1998,39516,15265.86,12,plateado,diesel,automatico,deteriorado
Toyota,Echo,2003,123571,14470.78,19,azul,diesel,manual,bueno
Volkswagen,Eurovan,2013,151194,36096.28,11,plateado,hibrido,automatico,sobresaliente
Jaguar,XK Series,2003,192958,40817.92,,plateado,diesel,manual,bueno
Bentley,Continental,2013,138411,46723.88,,verde,diesel,automatico,bueno
Acura,TSX,1999,85986,22291.67,14,morado,diesel,automatico,deteriorado
Mitsubishi,Galant,2001,173303,3566.01,10,amarillo,diesel,automatico,deteriorado
Dodge,Durango,2005,199669,17003.89,11,blanco,gasolina,automatico,excelente
Chrysler,200,2017,197706,17355.72,17,naranja,gasolina,automatico,excelente
Chevrolet,Monza,2022,111313,25456.07,14,amarillo,gasolina,automatico,excelente
Ford,Aerostar,2008,180880,34784.35,7,azul,diesel,manual,sobresaliente
Chevrolet,Cobalt,2002,141054,2624.1,,azul,hibrido,manual,impecable
Mitsubishi,Starion,2015,119334,28113.49,10,verde,electrico,manual,malo
Chevrolet,Astro,1999,194361,18833.51,,rojo,electrico,manual,malo
Geo,Tracker,2014,155719,33755.49,7,amarillo,diesel,manual,bueno
Mitsubishi,Cordia,2020,185769,35897.84,15,rojo,glp,automatico,aceptable
Suzuki,Swift,1997,132216,31864.24,6,verde,hibrido,manual,aceptable
Dodge,Ram 3500,1995,61448,13661.88,18,naranja,gasolina,automatico,regular
Ford,E350,1996,99766,20604.21,,azul,electrico,manual,impecable
Mazda,Tribute,1996,16865,37124.25,13,verde,gasolina,manual,regular
Hyundai,Accent,2015,34076,18124.2,12,naranja,hibrido,automatico,sobresaliente
Plymouth,Voyager,1995,146584,43383.89,,plateado,hibrido,automatico,malo
Chevrolet,G-Series G10,2008,39261,32123.15,16,blanco,diesel,automatico,regular
Buick,Regal,2021,22420,3756.05,5,negro,diesel,automatico,deteriorado
Volvo,XC60,1996,84133,42619.08,12,plateado,electrico,manual,impecable
Subaru,Legacy,2012,111877,45654.87,7,morado,diesel,manual,excelente
Chevrolet,Silverado 3500,2010,174300,12101.21,16,plateado,gasolina,automatico,sobresaliente
Subaru,Justy,2013,179991,11749.28,7,rojo,hibrido,automatico,bueno
Ford,E250,2007,191756,49070.14,,blanco,diesel,manual,excelente
Lamborghini,Diablo,2010,98421,16307.94,18,blanco,glp,manual,impecable
Mercedes-Benz,CLS-Class,1996,67695,21429.9,10,blanco,diesel,manual,bueno
Mercedes-Benz,CLK-Class,2021,124916,21955.27,,verde,electrico,automatico,sobresaliente
GMC,Savana 1500,2015,105018,11327.25,11,amarillo,hibrido,manual,malo
Lincoln,Town Car,2010,72951,48691.56,,plateado,diesel,automatico,malo
Maserati,GranSport,2017,182599,35914.44,6,naranja,electrico,manual,sobresaliente
Ford,F150,1995,177404,18416.68,11,blanco,glp,manual,bueno
Dodge,Dakota Club,2006,177526,26000.02,5,morado,gasolina,automatico,malo
Porsche,Carrera GT,2011,49905,24364.15,10,plateado,glp,automatico,deteriorado
Pontiac,LeMans,2002,7388,17241.23,,azul,glp,manual,malo
Hyundai,Sonata,1998,167272,34446.37,6,negro,hibrido,automatico,malo
Isuzu,Rodeo,2003,39381,13103.79,,morado,hibrido,manual,regular
Cadillac,CTS,2022,122135,46321.29,,verde,hibrido,automatico,sobresaliente
Jeep,Patriot,2008,177214,11959.12,17,plateado,electrico,automatico,malo
Chevrolet,Sportvan G10,2008,59797,23741.73,11,rojo,diesel,automatico,regular
Chrysler,Concorde,2016,20732,29389.05,,morado,electrico,automatico,deteriorado
GMC,Safari,2007,56466,25726.69,,azul,gasolina,automatico,impecable
Maybach,62,2001,101558,48301.72,15,amarillo,electrico,automatico,impecable
Buick,LeSabre,2009,109986,1494.21,,morado,hibrido,automatico,aceptable
Lexus,SC,1997,55975,24262.46,10,plateado,hibrido,automatico,impecable
Ford,Econoline E150,2008,98045,28325.66,,morado,diesel,automatico,deteriorado
GMC,Savana,2020,40910,44185.89,,negro,electrico,automatico,malo
Audi,200,2015,48304,38233.79,,verde,electrico,manual,deteriorado
Acura,RSX,2002,125052,43005.03,,naranja,glp,automatico,sobresaliente
Audi,Q7,1999,55961,40387.48,,verde,hibrido,automatico,aceptable
Jaguar,X-Type,2009,14499,47542.74,10,verde,diesel,manual,excelente
Land Rover,Discovery,1995,175249,39410.48,11,naranja,glp,manual,deteriorado
Chevrolet,Malibu,2019,99796,46778.21,20,blanco,hibrido,automatico,sobresaliente
Dodge,Challenger,2006,197172,44298.41,17,blanco,gasolina,manual,excelente
Dodge,Ram 3500,2020,160102,27777.74,10,morado,hibrido,manual,excelente
Nissan,Quest,1996,71073,25058.13,,plateado,diesel,automatico,deteriorado
Chevrolet,Lumina,2001,170564,22337.87,,rojo,glp,manual,deteriorado
Saturn,VUE,2021,162170,17537.74,8,naranja,gasolina,automatico,bueno
Oldsmobile,Toronado,2003,195479,26324.53,,azul,electrico,manual,sobresaliente
Infiniti,G,2014,132616,1426.52,15,negro,electrico,automatico,malo
Saab,9000,2017,185094,8275.38,18,amarillo,glp,manual,regular
Lexus,RX,2019,46078,41128.12,17,amarillo,gasolina,automatico,excelente
Hyundai,Accent,1999,168375,7856.84,14,morado,hibrido,automatico,bueno
Chevrolet,Camaro,1996,65458,22063.6,15,rojo,hibrido,automatico,bueno
Saturn,S-Series,2006,111461,27773.74,,verde,glp,automatico,impecable
Volvo,C70,2007,24690,7304.51,,rojo,glp,automatico,deteriorado
Acura,TL,2022,189108,34935.5,8,amarillo,hibrido,manual,sobresaliente
Audi,TT,2010,43790,29651.0,5,rojo,glp,manual,sobresaliente
Acura,Integra,2017,153733,43446.09,12,rosa,electrico,automatico,deteriorado
Chevrolet,Tahoe,2008,192086,24097.27,20,naranja,glp,automatico,malo
Ford,F150,2016,22128,10959.63,9,rosa,diesel,automatico,deteriorado
Audi,A6,1997,32742,34044.34,20,naranja,diesel,manual,excelente
Dodge,Ram 3500,2005,3884,30432.69,10,blanco,diesel,manual,sobresaliente
Chrysler,New Yorker,2022,49804,40305.53,,amarillo,hibrido,automatico,regular
Maserati,430,2012,70676,22108.4,,blanco,electrico,manual,aceptable
BMW,745,2016,84287,34570.64,13,azul,diesel,automatico,aceptable
Lamborghini,Gallardo,2001,149137,47087.68,,rosa,diesel,automatico,sobresaliente
Land Rover,Range Rover,2006,156081,34453.83,8,morado,diesel,manual,regular
Chevrolet,Suburban 2500,2019,122633,16419.07,17,rojo,diesel,automatico,sobresaliente
Toyota,TundraMax,1997,91064,30255.78,19,rosa,electrico,manual,bueno
Toyota,T100,2004,176128,47278.59,18,naranja,gasolina,manual,excelente
Jeep,Liberty,1995,100976,21476.63,,verde,diesel,manual,bueno
Ford,Econoline E350,1996,106786,37750.94,,naranja,gasolina,manual,excelente
Pontiac,Solstice,1998,142662,33217.23,5,naranja,hibrido,manual,bueno
Mazda,Mazda6,2006,191401,40584.05,,azul,electrico,manual,deteriorado
Hyundai,Tucson,2022,117217,32127.42,,plateado,electrico,automatico,deteriorado
Volkswagen,Golf,2010,150991,8684.9,19,blanco,glp,automatico,sobresaliente
Lincoln,Navigator,2020,118591,15185.54,,verde,electrico,manual,impecable
Ford,Crown Victoria,2017,47508,15562.88,,morado,glp,manual,deteriorado
Bentley,Continental GT,2005,31149,8927.74,,verde,diesel,automatico,bueno
BMW,5 Series,2014,118430,6140.62,,rojo,glp,manual,bueno
Mercury,Villager,1995,153291,43006.22,6,naranja,electrico,manual,excelente
Buick,Electra,1997,120979,2556.16,,azul,electrico,manual,excelente
Mazda,RX-7,2012,39395,38950.27,16,azul,diesel,manual,sobresaliente
Infiniti,Q,2000,188049,28734.3,15,verde,electrico,manual,regular
Ford,Mustang,2018,119746,15880.62,,morado,diesel,manual,bueno
Chevrolet,Camaro,1997,37140,39989.91,13,verde,electrico,automatico,malo
Oldsmobile,Achieva,2001,174192,22884.53,9,naranja,hibrido,automatico,malo
GMC,Sierra 1500,2007,135355,49392.78,,rojo,glp,automatico,bueno
Dodge,Intrepid,2010,100372,14995.88,,azul,gasolina,automatico,deteriorado
Ford,F250,2011,132578,31257.43,,amarillo,gasolina,manual,deteriorado
Mercury,Mountaineer,2003,185573,27070.54,,blanco,gasolina,automatico,excelente
Pontiac,Grand Prix,2000,57943,43919.88,,amarillo,hibrido,automatico,aceptable
Buick,Regal,1999,32830,40536.31,7,negro,electrico,manual,sobresaliente
Lincoln,MKZ,2001,170282,26469.66,12,morado,gasolina,manual,sobresaliente
Mitsubishi,Precis,2022,184541,9876.69,15,plateado,glp,manual,bueno
GMC,Sierra 3500,2010,13713,1361.4,18,negro,glp,manual,excelente
Ford,Fairlane,2002,132241,22863.78,6,plateado,electrico,automatico,impecable
Suzuki,Aerio,2022,17735,46028.55,15,azul,gasolina,automatico,excelente
Rolls-Royce,Ghost,2011,125424,2899.77,7,plateado,electrico,automatico,deteriorado
Ford,Taurus,1997,70028,36245.16,,morado,electrico,automatico,aceptable
Plymouth,Acclaim,2016,83304,34492.47,17,verde,gasolina,manual,aceptable
Volkswagen,Fox,2013,81321,40578.91,16,blanco,diesel,automatico,sobresaliente
Dodge,Ram Van 1500,2011,127251,5126.05,20,plateado,electrico,automatico,impecable
Chrysler,Town & Country,2020,196136,21225.43,15,azul,electrico,manual,impecable
Pontiac,Trans Sport,2002,146753,46050.29,18,verde,glp,automatico,impecable
Dodge,Ram Van B150,2009,28838,39647.8,17,rosa,electrico,automatico,impecable
Pontiac,1000,1998,147000,18217.11,,plateado,glp,automatico,malo
Aston Martin,Vantage,2018,185474,32226.45,10,blanco,hibrido,manual,deteriorado
Ferrari,F430,2015,163418,2641.77,15,naranja,gasolina,automatico,deteriorado
Toyota,RAV4,2016,164299,15747.88,,plateado,gasolina,manual,deteriorado
Suzuki,Grand Vitara,2015,184352,5636.63,17,rosa,gasolina,automatico,impecable
Toyota,Echo,1996,50802,26978.36,7,negro,electrico,manual,impecable
Nissan,Pathfinder Armada,2018,162784,45172.79,19,naranja,electrico,manual,malo
Suzuki,Sidekick,1998,107403,6154.68,16,morado,diesel,manual,bueno
Mercury,Capri,2020,190702,16630.97,17,naranja,diesel,automatico,impecable
Lincoln,MKZ,2019,122090,42584.63,6,verde,gasolina,automatico,impecable
Dodge,Magnum,2002,186931,22771.82,15,verde,electrico,manual,excelente
Volkswagen,Touareg,2005,18764,47842.77,7,azul,glp,automatico,regular
Ford,Focus ST,2011,88195,35628.48,,azul,gasolina,automatico,impecable
Chevrolet,G-Series G30,2001,86111,46037.82,,naranja,glp,automatico,aceptable
Land Rover,Discovery,1998,78437,22907.83,12,negro,gasolina,manual,malo
Honda,CR-V,2019,184456,42952.39,,azul,gasolina,automatico,aceptable
Rolls-Royce,Ghost,2021,17460,49652.99,9,rosa,hibrido,automatico,impecable
Chevrolet,G-Series 2500,2008,161790,5110.4,15,morado,gasolina,manual,impecable
Hyundai,Accent,1998,96444,26430.35,20,rosa,glp,automatico,bueno
Honda,Odyssey,2002,117124,46229.24,8,morado,gasolina,automatico,impecable
Volvo,C70,2003,142007,28613.4,19,plateado,gasolina,automatico,bueno
Isuzu,Trooper,1996,31523,11844.06,7,plateado,gasolina,automatico,regular
Mercedes-Benz,E-Class,1998,22497,24271.29,,blanco,glp,automatico,excelente
Chevrolet,Caprice Classic,2015,136240,33186.03,,morado,electrico,automatico,aceptable
Volvo,V70,2016,150906,39708.43,,rojo,hibrido,automatico,bueno
Rolls-Royce,Phantom,2000,84834,35945.72,14,azul,gasolina,automatico,aceptable
Volkswagen,New Beetle,1999,171996,37716.52,15,rojo,electrico,manual,aceptable
Volkswagen,rio,1996,148194,40677.65,,verde,hibrido,automatico,deteriorado
Ford,F-Series,2008,108441,49636.58,13,rosa,hibrido,manual,excelente
Infiniti,QX,2019,139971,3885.26,12,rosa,gasolina,manual,excelente
Honda,Civic,2019,103437,39498.83,13,blanco,glp,manual,aceptable
Hummer,H2,2011,180236,4146.31,,plateado,electrico,manual,excelente
Chevrolet,Monte Carlo,2011,160041,30914.11,,azul,diesel,automatico,regular
Suzuki,SX4,2017,128969,26537.82,20,plateado,electrico,automatico,impecable
Acura,RL,2005,19165,6135.07,5,blanco,glp,automatico,malo
Volkswagen,Type 2,2007,132565,49501.26,17,amarillo,gasolina,automatico,deteriorado
Buick,Terraza,2001,19036,16219.36,18,rojo,diesel,manual,deteriorado
Hyundai,Sonata,2017,41078,17018.85,11,negro,gasolina,manual,impecable
Maybach,57,2020,182492,29240.52,,negro,diesel,manual,regular
Mazda,B-Series,2004,197002,37101.44,7,azul,diesel,automatico,impecable
Mitsubishi,Lancer Evolution,2011,62176,6695.71,7,amarillo,diesel,manual,aceptable
Lincoln,Continental,2005,187009,23139.84,,amarillo,electrico,manual,regular
Toyota,Land Cruiser,2021,74785,39059.57,20,rosa,diesel,manual,bueno
Audi,A4,2000,10202,49645.54,6,blanco,diesel,automatico,sobresaliente
Nissan,Titan,2015,198331,14579.89,20,rojo,gasolina,manual,aceptable
Chevrolet,Express 3500,1996,35432,7554.98,15,naranja,glp,automatico,malo
Volkswagen,Passat,1998,78732,17008.58,11,verde,glp,automatico,deteriorado
Plymouth,Grand Voyager,2001,162066,47934.77,,azul,gasolina,automatico,bueno
Ford,F250,1996,69151,6682.9,,plateado,gasolina,automatico,deteriorado
Volvo,850,2004,187218,20158.35,7,plateado,electrico,manual,sobresaliente
Nissan,NV3500,1998,32077,47472.67,13,rojo,gasolina,manual,bueno
Geo,Metro,2000,120558,46802.11,6,negro,hibrido,automatico,impecable
Lotus,Elise,1996,150402,49611.54,18,rojo,glp,manual,regular
BMW,7 Series,2008,151438,34575.5,,verde,electrico,manual,regular
Mercedes-Benz,CL-Class,2002,191397,18776.13,,amarillo,electrico,manual,deteriorado
Audi,100,1995,11961,29818.69,,naranja,diesel,manual,malo
Land Rover,Range Rover,2010,88720,27874.16,,blanco,electrico,manual,impecable
Chevrolet,LUV,2014,107830,43941.19,11,plateado,hibrido,automatico,malo
Hummer,H1,2004,106199,14757.91,8,verde,hibrido,automatico,bueno
Pontiac,Grand Am,2012,51299,26423.85,15,amarillo,hibrido,automatico,bueno
Honda,Element,2022,115802,13657.92,12,verde,diesel,automatico,sobresaliente
Dodge,Durango,2011,44207,16721.97,15,negro,glp,automatico,regular
Kia,Optima,2004,5240,19140.22,15,plateado,gasolina,automatico,impecable
Kia,Rio,2019,66637,43640.38,9,morado,electrico,manual,excelente
Mercedes-Benz,400SEL,2010,119408,21268.09,16,azul,gasolina,manual,malo
Toyota,Celica,2005,21352,9578.91,,blanco,glp,manual,regular
Volkswagen,Eos,1999,2023,45229.97,,blanco,hibrido,automatico,excelente
Dodge,Nitro,2008,102549,6533.51,12,naranja,gasolina,manual,deteriorado
Chevrolet,TrailBlazer,2018,81735,19849.24,13,blanco,glp,automatico,impecable
Buick,Lucerne,2012,93649,35036.54,19,naranja,hibrido,manual,regular
Chevrolet,Silverado 3500,2014,16638,42242.74,10,verde,electrico,manual,excelente
Honda,Accord,2014,117439,41053.32,19,rojo,glp,manual,deteriorado
Panoz,Esperante,2011,83897,43713.15,,verde,diesel,automatico,deteriorado
Dodge,Ram 2500,2000,121273,35350.27,14,rosa,gasolina,manual,deteriorado
Chrysler,300M,2007,118558,47102.76,8,amarillo,electrico,automatico,sobresaliente
Chrysler,Town & Country,1998,188561,13566.35,,verde,gasolina,automatico,aceptable
GMC,Rally Wagon 1500,2013,119881,49281.23,,negro,glp,manual,regular
Lotus,Esprit,2011,130679,9158.33,18,rosa,electrico,automatico,impecable
Pontiac,Firefly,1996,186032,30535.08,5,amarillo,glp,manual,impecable
Mazda,Millenia,1995,102082,7332.84,8,blanco,glp,automatico,malo
Audi,5000S,2005,163280,34060.92,17,azul,electrico,automatico,regular
Chevrolet,Express 2500,2019,82935,20886.02,,amarillo,glp,automatico,regular
Mercury,Mariner,2009,112075,1590.65,18,azul,glp,automatico,excelente
Maserati,Gran Sport,1999,134615,39024.9,11,blanco,hibrido,automatico,impecable
Mazda,MPV,2006,109000,18750.67,,morado,hibrido,automatico,bueno
Porsche,911,2019,136894,33896.96,13,morado,electrico,manual,aceptable
Ford,Taurus,2015,176165,43167.8,,verde,electrico,manual,sobresaliente
Dodge,Grand Caravan,1997,141708,2860.44,,negro,diesel,automatico,sobresaliente
Lamborghini,Diablo,1996,145276,6234.95,6,morado,diesel,manual,malo
Ford,LTD Crown Victoria,2014,190903,2191.83,18,verde,electrico,automatico,regular
Chrysler,LHS,1996,10311,44863.11,,rosa,diesel,automatico,aceptable
Land Rover,Sterling,1999,102115,31945.83,,negro,electrico,automatico,excelente
Pontiac,Grand Prix,2008,69797,4750.23,19,plateado,diesel,manual,bueno
Mazda,Mazda2,2021,65538,46223.06,,rosa,glp,manual,excelente
Mitsubishi,Mirage,2012,25601,29380.85,17,plateado,hibrido,automatico,regular
Ford,Thunderbird,2017,153770,45623.81,14,plateado,diesel,automatico,sobresaliente
Nissan,Xterra,2014,176653,4472.06,17,morado,gasolina,automatico,malo
Ford,Tempo,2009,145853,42960.44,,morado,electrico,automatico,excelente
Acura,NSX,1998,60042,43995.65,7,rojo,gasolina,manual,sobresaliente
GMC,Savana 3500,2018,91799,6170.95,10,negro,diesel,automatico,bueno
Mercury,Sable,2014,15994,47535.31,,plateado,gasolina,automatico,excelente
Hyundai,Elantra,2005,181530,36097.59,,plateado,glp,automatico,malo
Audi,S4,2010,192907,21841.2,12,morado,gasolina,automatico,sobresaliente
Ford,Ranger,2006,132545,35520.77,15,naranja,glp,automatico,regular
Mazda,RX-7,2008,1370,43059.93,20,azul,gasolina,automatico,sobresaliente
Chevrolet,Silverado,2017,107276,28312.1,15,amarillo,gasolina,manual,bueno
Jeep,Grand Cherokee,2019,199847,1131.24,,rosa,diesel,manual,regular
Toyota,4Runner,1996,125136,27314.05,,azul,gasolina,automatico,regular
Mitsubishi,Diamante,2002,188152,32049.43,,azul,hibrido,manual,deteriorado
Jeep,Compass,2020,133018,18990.57,,morado,glp,manual,excelente
Ford,Explorer Sport,2018,40578,42657.24,14,rojo,hibrido,manual,excelente
Isuzu,Axiom,2018,25113,18877.64,14,blanco,glp,automatico,sobresaliente
Ford,Explorer,1995,143030,14855.22,13,negro,glp,manual,excelente
Audi,RS6,2009,114681,21102.2,,rojo,diesel,manual,sobresaliente
Audi,A4,1999,103638,28797.36,,morado,gasolina,automatico,deteriorado
Toyota,Tercel,1996,179288,5005.72,7,amarillo,gasolina,manual,deteriorado
Lexus,GS,2016,70954,5163.8,,morado,electrico,automatico,impecable
Hyundai,Elantra,2003,501,48918.98,,rojo,glp,automatico,impecable
Mercedes-Benz,SLK-Class,1997,98312,18721.01,10,negro,hibrido,manual,impecable
Chevrolet,HHR,2000,99601,34650.87,12,negro,diesel,automatico,regular
Nissan,GT-R,2014,119679,28310.46,11,amarillo,glp,automatico,malo
Ford,Club Wagon,1996,113683,30645.69,6,amarillo,diesel,automatico,bueno
Suzuki,SX4,1998,91846,1732.34,16,plateado,glp,automatico,sobresaliente
Volkswagen,Tiguan,2019,47593,8667.22,,morado,hibrido,manual,sobresaliente
Mitsubishi,Mighty Max Macro,2012,113462,27753.26,20,amarillo,hibrido,manual,bueno
Chevrolet,Camaro,2012,150110,4866.94,8,rojo,electrico,manual,impecable
Saturn,Aura,2009,715,9158.4,,morado,electrico,manual,sobresaliente
Mercedes-Benz,E-Class,2017,179874,32514.17,,azul,gasolina,manual,malo
Mitsubishi,Chariot,1996,14050,5584.98,5,azul,gasolina,automatico,deteriorado
Mercury,Sable,2017,183158,35193.09,17,rojo,gasolina,automatico,excelente
Volkswagen,Touareg 2,2016,185277,46650.82,10,morado,diesel,automatico,sobresaliente
Ford,F150,1998,157855,29865.51,11,negro,electrico,manual,excelente
Chevrolet,Suburban 1500,1995,24806,33823.71,10,negro,diesel,automatico,sobresaliente
Cadillac,CTS-V,2001,64025,35639.82,7,verde,gasolina,automatico,sobresaliente
GMC,Savana 1500,2005,145261,26834.13,13,morado,hibrido,manual,regular
Mercury,Grand Marquis,2019,115860,26212.31,5,morado,gasolina,automatico,excelente
Infiniti,EX,1995,145346,14461.05,10,blanco,glp,automatico,regular
Chevrolet,Metro,2008,113477,34807.17,15,naranja,gasolina,automatico,bueno
Dodge,Monaco,2004,36075,6213.17,19,blanco,electrico,manual,deteriorado
Chevrolet,G-Series G20,2020,181903,48788.39,5,rosa,gasolina,automatico,impecable
Mercedes-Benz,GL-Class,2015,50638,31974.98,,azul,gasolina,manual,excelente
Volkswagen,Golf,2003,165950,40466.62,11,blanco,hibrido,manual,aceptable
BMW,7 Series,2013,160376,27685.76,,azul,glp,automatico,impecable
Ford,F-Series,2008,100843,27469.72,,azul,electrico,automatico,malo
Pontiac,Bonneville,2019,7041,26387.52,,verde,electrico,manual,bueno
Land Rover,Defender,2006,41807,16733.82,14,rojo,diesel,manual,impecable
Nissan,Maxima,2013,158938,21196.24,6,verde,hibrido,automatico,sobresaliente
Subaru,Impreza,2004,52882,27099.41,,azul,glp,manual,sobresaliente
Lexus,IS,2014,94665,19078.46,11,amarillo,hibrido,manual,impecable
Buick,Skylark,2022,110499,23646.14,11,naranja,diesel,automatico,sobresaliente
GMC,Savana 3500,2009,194760,48278.66,14,negro,gasolina,manual,malo
Toyota,Echo,2013,34211,28760.12,20,rojo,hibrido,manual,malo
Oldsmobile,LSS,2016,170571,20664.97,6,rojo,glp,automatico,impecable
Saturn,Aura,2000,10087,6729.13,13,rojo,glp,manual,aceptable
GMC,Rally Wagon 1500,1995,66926,10080.77,,rojo,electrico,manual,excelente
Infiniti,I,1998,68052,3986.77,,naranja,hibrido,manual,deteriorado
Jeep,Compass,2017,5058,12007.85,13,plateado,glp,manual,excelente
Nissan,370Z,2022,183451,5615.12,16,amarillo,glp,automatico,regular
Toyota,Ipsum,1996,174406,41482.89,,rojo,gasolina,automatico,malo
Honda,Pilot,2009,75121,3137.95,12,azul,glp,automatico,regular
Isuzu,Rodeo,2012,27620,18871.15,11,verde,diesel,automatico,impecable
Mercedes-Benz,E-Class,2011,76295,29201.71,,negro,glp,manual,impecable
Chevrolet,S10,2004,41108,22528.33,,blanco,gasolina,manual,regular
Land Rover,Defender 110,1999,176083,46205.31,,azul,glp,manual,malo
Chevrolet,Classic,2021,190712,11436.6,,azul,glp,manual,bueno
Chevrolet,Silverado 3500,1998,12208,29754.08,6,rojo,glp,manual,aceptable
Honda,Fit,1996,76931,16806.15,10,verde,diesel,automatico,sobresaliente
Mazda,B-Series,2012,52773,7741.97,,verde,gasolina,manual,malo
Pontiac,Parisienne,2003,1917,45648.79,,plateado,hibrido,manual,aceptable
Ford,F-Series,1999,94217,45010.62,,plateado,glp,automatico,bueno
Mitsubishi,Montero,1995,103892,16213.0,16,morado,diesel,automatico,deteriorado
Mitsubishi,Diamante,2022,167240,18576.17,14,amarillo,electrico,automatico,malo
Ford,Edge,2001,31059,24901.32,19,azul,diesel,automatico,malo
MG,MGB,2020,64717,12371.79,,amarillo,diesel,automatico,malo
Chevrolet,Camaro,2010,60779,25682.1,,verde,diesel,manual,aceptable
Pontiac,Grand Prix,2012,170124,6254.62,10,morado,gasolina,automatico,bueno
Cadillac,CTS,2006,168882,6379.69,,verde,electrico,automatico,regular
Nissan,Quest,2008,74506,11395.92,20,azul,hibrido,manual,excelente
Hyundai,Equus,2005,144945,39206.61,,rosa,hibrido,automatico,malo
Chevrolet,Suburban 2500,2007,53699,27049.71,12,amarillo,electrico,automatico,malo
Saab,9000,1996,162317,25643.31,18,verde,electrico,automatico,sobresaliente
Subaru,Outback,2007,17925,23026.62,20,rosa,diesel,manual,malo
Ford,Taurus,2018,164983,6585.63,,morado,gasolina,manual,deteriorado
Lincoln,Town Car,2022,94139,46178.24,14,morado,glp,automatico,malo
Chevrolet,Suburban 1500,2022,48402,3270.24,7,plateado,glp,automatico,impecable
Mercury,Lynx,2020,109862,40934.05,5,plateado,diesel,manual,deteriorado
Dodge,Colt,2000,199571,32034.75,15,morado,gasolina,automatico,malo
Maserati,Spyder,2022,189888,44572.6,,rosa,glp,manual,aceptable
Porsche,911,1995,44633,37117.38,19,naranja,electrico,manual,excelente
Chevrolet,Express 3500,2011,165334,8203.36,15,plateado,electrico,manual,malo
Volkswagen,Rabbit,2001,94094,12741.28,10,plateado,hibrido,automatico,malo
Dodge,Grand Caravan,2012,117771,32915.58,11,blanco,diesel,manual,sobresaliente
Lincoln,Town Car,2010,11629,13064.26,13,azul,electrico,automatico,impecable
Honda,CR-V,1999,34997,41883.78,8,morado,gasolina,automatico,sobresaliente
Chevrolet,Sportvan G20,2012,110513,4907.8,,azul,diesel,automatico,malo
Hyundai,Scoupe,1999,56867,29560.31,12,amarillo,gasolina,automatico,regular
Cadillac,Sixty Special,2013,72865,30835.29,18,verde,gasolina,automatico,sobresaliente
Mazda,MX-5,2007,131138,39172.45,9,negro,hibrido,manual,excelente
Volvo,S80,2006,20191,12263.77,13,plateado,diesel,manual,regular
Subaru,Forester,2020,64319,27797.14,,negro,diesel,manual,impecable
Ferrari,599 GTB Fiorano,1998,65169,31794.37,,rosa,glp,automatico,impecable
Chevrolet,Suburban 2500,2007,45873,43078.77,20,azul,gasolina,automatico,bueno
Lexus,RX,2002,25951,14254.12,6,morado,gasolina,automatico,deteriorado
Infiniti,EX,1997,92171,20721.66,12,rosa,hibrido,manual,deteriorado
Ferrari,FF,2004,14905,44165.97,12,naranja,electrico,automatico,regular
Suzuki,Swift,2010,100719,32227.27,6,negro,glp,manual,sobresaliente
Mercedes-Benz,SLK-Class,2002,161194,44926.72,,azul,glp,manual,deteriorado
Mercedes-Benz,CL-Class,2003,199688,1497.79,8,negro,diesel,automatico,bueno
Jeep,Patriot,2005,134937,44400.09,,azul,hibrido,automatico,impecable
Chevrolet,3500,2012,34042,37008.46,9,morado,diesel,manual,sobresaliente
Ford,E-Series,2000,69001,36260.27,12,rosa,diesel,manual,regular
BMW,7 Series,2000,9634,31082.11,13,plateado,diesel,manual,regular
Jaguar,XJ Series,2001,173304,42361.81,8,negro,diesel,automatico,malo
Audi,90,2017,108861,49705.06,15,rojo,gasolina,automatico,malo
Isuzu,Amigo,2011,108897,39106.59,8,azul,hibrido,automatico,aceptable
Toyota,RAV4,2004,62322,24461.04,18,blanco,diesel,automatico,malo
Nissan,Maxima,2000,176016,24112.57,,plateado,glp,manual,aceptable
Buick,Enclave,2007,64285,34762.79,14,rosa,gasolina,manual,excelente
Lotus,Elise,2022,134902,47564.63,,blanco,hibrido,automatico,sobresaliente
Land Rover,Range Rover,1998,137539,25866.56,18,rosa,electrico,automatico,malo
Kia,Rio,1998,186418,21091.76,,amarillo,glp,automatico,excelente
Dodge,Stealth,2000,198044,12397.08,18,rosa,hibrido,manual,excelente
Chevrolet,Tahoe,2014,174131,21681.62,,blanco,gasolina,automatico,sobresaliente
Nissan,Maxima,2013,161663,41985.33,,azul,gasolina,manual,malo
Mitsubishi,Tredia,2022,50297,10184.37,19,blanco,electrico,automatico,deteriorado
Chevrolet,Corvette,1996,159726,44309.32,11,azul,gasolina,manual,sobresaliente
Pontiac,Firefly,2001,95641,39109.75,9,verde,glp,manual,impecable
Toyota,4Runner,2000,56052,46341.5,19,morado,glp,manual,excelente
Pontiac,1000,2014,135333,49997.77,,rojo,hibrido,automatico,malo
Infiniti,Q,2002,81788,19262.81,,morado,hibrido,manual,aceptable
Toyota,RAV4,2017,43159,11435.66,,morado,electrico,manual,deteriorado
Ford,Ranger,2002,95846,19382.57,16,rojo,diesel,manual,aceptable
Cadillac,DTS,1998,18456,2488.63,13,blanco,hibrido,manual,malo
Audi,A6,2019,93895,41623.28,,rojo,gasolina,automatico,sobresaliente
BMW,525,1997,83742,7747.91,14,amarillo,electrico,manual,excelente
Lamborghini,Gallardo,2003,25409,4364.46,17,azul,diesel,automatico,excelente
Jeep,Wrangler,2022,52932,35064.56,9,rojo,glp,automatico,bueno
Honda,Prelude,2015,124897,8335.96,9,plateado,electrico,automatico,aceptable
Volvo,S60,2000,45229,27466.67,,morado,hibrido,manual,sobresaliente
Mercedes-Benz,E-Class,2007,20100,26124.67,14,verde,gasolina,automatico,regular
Ford,Mustang,2019,41251,26726.3,9,naranja,hibrido,manual,regular
GMC,Sierra 2500,2021,184371,41102.72,16,amarillo,glp,manual,regular
Chevrolet,Equinox,2018,139035,46734.95,,negro,glp,automatico,regular
Chevrolet,Malibu,2004,132025,2934.2,8,naranja,glp,manual,sobresaliente
Isuzu,Amigo,2003,123072,46165.68,19,verde,gasolina,manual,malo
Ford,Mustang,2002,186026,16314.71,5,amarillo,diesel,automatico,impecable
Land Rover,Discovery,2004,5037,26354.08,20,amarillo,diesel,manual,excelente
Ford,Expedition,2018,195443,46117.75,13,morado,electrico,manual,impecable
Cadillac,Catera,1995,65456,25181.02,17,morado,diesel,manual,excelente
Audi,V8,2005,21874,19173.15,10,rojo,gasolina,manual,regular
Mitsubishi,Montero Sport,1999,107583,28639.64,,verde,gasolina,automatico,impecable
Kia,Soul,2015,81529,13964.8,9,verde,electrico,automatico,deteriorado
Ford,Probe,2021,64085,42767.1,18,rosa,gasolina,automatico,regular
Mazda,RX-8,2022,2064,15202.65,11,amarillo,diesel,automatico,excelente
Chevrolet,Volt,2009,19276,27114.38,16,verde,gasolina,manual,impecable
Ford,Mustang,2021,166200,22499.59,10,azul,diesel,manual,deteriorado
BMW,5 Series,2010,120109,25641.24,10,rosa,glp,manual,deteriorado
BMW,1 Series,2016,142073,14606.87,12,rojo,gasolina,manual,bueno
Chevrolet,Avalanche,2008,23869,9442.23,,amarillo,glp,automatico,deteriorado
Dodge,Charger,2019,139134,13089.73,,rojo,diesel,automatico,deteriorado
Mercedes-Benz,SL-Class,2011,80293,49531.63,6,morado,diesel,manual,impecable
Ford,Explorer,1996,104607,23398.9,17,azul,glp,manual,deteriorado
Toyota,Avalon,2017,71942,34963.9,14,naranja,electrico,automatico,malo
Aston Martin,V8 Vantage S,2015,119380,24453.93,,morado,hibrido,manual,excelente
Hyundai,Elantra,2013,120272,14140.78,,verde,hibrido,manual,impecable
Ford,F250,1999,163097,4048.59,,morado,diesel,manual,aceptable
Volvo,S80,2021,178649,17227.09,7,naranja,electrico,manual,excelente
Nissan,Quest,2021,80823,11379.92,,amarillo,diesel,manual,excelente
Dodge,Ram 2500 Club,2008,199162,47874.52,14,plateado,gasolina,automatico,excelente
Chevrolet,Suburban 1500,2014,192183,28659.61,17,verde,glp,manual,sobresaliente
Mercedes-Benz,E-Class,2008,20660,49061.95,13,rosa,gasolina,manual,impecable
Nissan,Quest,2001,188769,1319.51,17,amarillo,glp,manual,regular
Suzuki,SJ,2015,105289,46481.32,20,blanco,hibrido,manual,deteriorado
Pontiac,Grand Prix,2021,97003,35185.52,16,naranja,diesel,automatico,impecable
Chrysler,Pacifica,2006,108847,11987.1,9,plateado,gasolina,automatico,malo
Cadillac,Eldorado,2021,61736,43215.88,,rojo,hibrido,manual,malo
Mercedes-Benz,SL-Class,2008,85157,31435.83,,amarillo,hibrido,automatico,regular
Ferrari,F430 Spider,2010,143830,17758.76,,blanco,glp,manual,excelente
Acura,TSX,2016,83462,3921.39,12,negro,glp,manual,regular
Ford,Econoline E250,2005,40945,31899.5,10,naranja,gasolina,manual,deteriorado
Volkswagen,Cabriolet,2007,4646,43934.92,,amarillo,gasolina,manual,deteriorado
Jeep,Patriot,2021,47786,36016.13,,blanco,gasolina,manual,bueno
BMW,5 Series,2021,99648,41410.5,,rosa,gasolina,automatico,aceptable
Land Rover,Freelander,2006,89836,33015.05,,verde,diesel,automatico,sobresaliente
Volkswagen,Cabriolet,2002,172330,11226.19,6,azul,glp,manual,impecable
Hyundai,Sonata,1998,169734,29235.38,8,rosa,glp,automatico,malo
Ford,Edge,2021,11787,22892.45,,azul,glp,manual,aceptable
Jeep,Wrangler,2021,70286,4046.91,13,azul,glp,automatico,bueno
Buick,Riviera,2013,198915,13089.37,13,amarillo,hibrido,automatico,sobresaliente
Dodge,Ram 1500,2016,60380,12629.44,11,negro,gasolina,manual,bueno
Oldsmobile,Cutlass Cruiser,1997,114915,29680.95,,negro,gasolina,automatico,deteriorado
GMC,Sierra 2500,2022,46976,49343.63,12,verde,electrico,manual,aceptable
Mercury,Cougar,2009,187181,25745.67,6,plateado,glp,automatico,regular
Mercedes-Benz,S-Class,2006,156522,26806.73,17,negro,gasolina,automatico,excelente
Nissan,Frontier,2014,186113,47505.29,12,amarillo,hibrido,automatico,impecable
Volvo,S40,2015,143712,28533.33,,rosa,hibrido,automatico,deteriorado
Dodge,Ram 3500,2021,148682,37700.83,15,naranja,gasolina,manual,malo
Volkswagen,Passat,2012,81431,43180.96,7,rosa,diesel,manual,sobresaliente
Lincoln,MKT,1997,55459,49675.88,5,blanco,glp,automatico,sobresaliente
Pontiac,Safari,2020,150298,26911.08,7,verde,diesel,automatico,malo
Chevrolet,Equinox,2020,173219,4022.99,10,amarillo,diesel,manual,aceptable
Jaguar,XF,2011,108826,20907.33,,blanco,diesel,automatico,sobresaliente
Chevrolet,G-Series G20,2005,160463,48556.23,19,morado,glp,manual,sobresaliente
Cadillac,Escalade ESV,2021,74705,11707.51,13,azul,electrico,automatico,sobresaliente
Infiniti,M,2007,152484,31491.89,20,blanco,glp,manual,excelente
Rolls-Royce,Phantom,2021,129087,33054.4,8,negro,gasolina,manual,bueno
Ford,F150,2003,141759,13292.93,20,blanco,glp,manual,deteriorado
Dodge,D250 Club,2014,119442,41664.77,,plateado,diesel,automatico,deteriorado
Volkswagen,Tiguan,2012,137421,30159.24,,amarillo,hibrido,manual,excelente
Pontiac,Fiero,2006,129916,8306.07,19,azul,gasolina,automatico,regular
Scion,tC,2008,183487,4008.72,,azul,glp,automatico,sobresaliente
Chrysler,Cirrus,2012,36995,26926.35,16,plateado,gasolina,automatico,sobresaliente
Hyundai,Elantra,2018,147446,49477.3,,blanco,gasolina,manual,sobresaliente
Mazda,Mazdaspeed 3,2019,135479,43592.59,,blanco,hibrido,automatico,excelente
Chevrolet,Tahoe,1997,155942,43352.01,,verde,gasolina,automatico,bueno
Ford,F450,2003,145587,7240.63,11,amarillo,hibrido,automatico,impecable
Ford,F150,2011,647,14549.18,10,blanco,gasolina,automatico,sobresaliente
Cadillac,Escalade ESV,2014,45451,35295.64,,azul,electrico,automatico,regular
Chrysler,LeBaron,2006,113531,36548.66,20,blanco,electrico,manual,sobresaliente
Lamborghini,Gallardo,2018,199661,32749.63,20,amarillo,hibrido,manual,sobresaliente
GMC,Safari,2003,135826,30823.99,13,negro,hibrido,automatico,aceptable
Mercedes-Benz,M-Class,1995,118197,39450.1,,rosa,gasolina,automatico,malo
BMW,Z4,2008,108367,10055.33,11,morado,gasolina,automatico,deteriorado
Oldsmobile,88,2015,40847,37425.28,18,negro,glp,automatico,bueno
Buick,Park Avenue,2008,16719,49471.09,9,amarillo,gasolina,automatico,malo
Cadillac,STS-V,2005,118856,44246.72,17,rosa,diesel,manual,regular
BMW,Z8,2006,87364,17388.53,15,rosa,electrico,manual,aceptable
Honda,Passport,2005,50582,30936.89,13,verde,electrico,automatico,excelente
Volkswagen,Passat,2022,185930,44705.02,6,naranja,electrico,manual,deteriorado
Toyota,Avalon,2007,61203,1458.83,,rojo,gasolina,manual,regular
Dodge,Caravan,2009,81526,10580.32,,blanco,glp,automatico,excelente
Volvo,S60,2000,140021,30892.42,16,rojo,diesel,manual,impecable
BMW,530,1999,164149,11735.5,15,rosa,gasolina,manual,bueno
Buick,LeSabre,2002,138783,13828.4,,negro,hibrido,automatico,regular
Bentley,Continental,2020,131224,5042.66,20,azul,electrico,automatico,deteriorado
Ford,F250,2015,139423,11175.25,,rosa,diesel,automatico,aceptable
Lexus,ES,2018,152229,46776.58,17,morado,diesel,manual,impecable
Nissan,Sentra,2001,189258,43248.1,,plateado,electrico,automatico,excelente
Mitsubishi,Eclipse,2000,83304,21600.78,,azul,glp,automatico,deteriorado
Ford,Crown Victoria,2019,21721,16675.94,8,naranja,hibrido,manual,sobresaliente
Chevrolet,Suburban 2500,1997,186888,31647.34,13,amarillo,glp,automatico,sobresaliente
Nissan,Quest,2013,184369,45156.54,9,verde,electrico,automatico,impecable
BMW,545,2009,185277,14377.67,13,amarillo,electrico,automatico,regular
Mercedes-Benz,S-Class,1996,29670,2942.85,,morado,gasolina,manual,bueno
Chevrolet,Impala SS,2021,128759,9112.86,,morado,hibrido,automatico,regular
Toyota,RAV4,2016,139083,32609.51,,rosa,glp,manual,bueno
BMW,M3,2003,128587,44293.06,20,rosa,hibrido,manual,deteriorado
Lexus,ES,2019,76430,2396.11,5,amarillo,diesel,manual,malo
BMW,Z4,1997,141255,23837.54,20,amarillo,hibrido,automatico,excelente
Chevrolet,TrailBlazer,2004,187589,35845.84,6,amarillo,hibrido,automatico,aceptable
Chevrolet,Avalanche 1500,2016,161080,13822.75,15,naranja,hibrido,automatico,bueno
Lexus,GX,2002,37838,46771.42,6,verde,gasolina,automatico,sobresaliente
Subaru,Forester,2012,115936,37855.5,6,plateado,glp,automatico,deteriorado
Dodge,Dakota Club,2011,118043,6689.31,20,blanco,hibrido,manual,malo
Spyker,C8,2009,56345,19634.79,9,verde,diesel,manual,deteriorado
Volvo,V50,2000,148664,48962.31,,negro,hibrido,automatico,impecable
Porsche,911,2008,98529,32430.51,12,rosa,diesel,automatico,sobresaliente
Audi,Coupe GT,2014,150076,35815.27,,morado,gasolina,automatico,bueno
GMC,Sierra 2500,2017,175201,29541.9,16,naranja,glp,automatico,bueno
Mazda,MPV,2010,196395,38695.98,20,naranja,diesel,manual,impecable
Mitsubishi,Cordia,2014,197542,45972.11,13,negro,hibrido,manual,aceptable
Mitsubishi,Endeavor,2015,20103,39241.07,5,blanco,glp,automatico,bueno
Mercedes-Benz,600SEL,2022,75752,38826.94,,morado,hibrido,automatico,aceptable
Ford,Flex,2021,9051,38249.83,14,azul,electrico,manual,bueno
Mitsubishi,Precis,2019,16583,21184.92,9,verde,hibrido,automatico,excelente
Buick,Riviera,2002,134371,9923.0,,verde,hibrido,manual,excelente
Mercedes-Benz,SLS-Class,2014,159236,24257.21,18,naranja,diesel,manual,regular
Lexus,LX,2001,148150,2313.1,8,morado,hibrido,automatico,sobresaliente
Nissan,Pathfinder,2004,109737,15673.04,,azul,glp,automatico,sobresaliente
Panoz,Esperante,2000,60128,42951.08,14,plateado,diesel,manual,deteriorado
Lotus,Esprit Turbo,2008,64014,25776.19,15,rojo,diesel,manual,malo
Volvo,XC90,2003,193085,42418.75,19,azul,gasolina,automatico,regular
Mercedes-Benz,SLR McLaren,2006,144090,37995.77,15,blanco,hibrido,automatico,regular
Mitsubishi,GTO,2019,118326,39435.54,15,verde,hibrido,manual,aceptable
Chevrolet,Tahoe,2009,93787,12862.52,,blanco,hibrido,manual,impecable
Audi,S4,2017,130240,33529.78,,morado,electrico,manual,deteriorado
Mazda,RX-7,2009,72665,19041.6,18,rosa,electrico,automatico,bueno
Volvo,XC90,2018,2767,40527.01,,negro,electrico,manual,bueno
Nissan,Murano,2006,183845,3474.18,17,morado,electrico,manual,impecable
GMC,Sierra 1500,2021,154529,12587.6,,rosa,gasolina,manual,sobresaliente
Pontiac,Montana,2002,38035,41143.67,,morado,electrico,manual,deteriorado
Ford,F250,2013,32208,48468.87,10,rosa,electrico,manual,excelente
Bentley,Continental Flying Spur,2020,63851,9132.13,12,plateado,hibrido,manual,sobresaliente
Ford,F250,1996,180153,13459.51,13,plateado,electrico,automatico,sobresaliente
Acura,MDX,2016,67008,29419.79,6,azul,gasolina,manual,deteriorado
Dodge,Durango,2022,57324,13189.42,18,rosa,glp,automatico,sobresaliente
Land Rover,LR2,2020,34497,3791.02,,azul,gasolina,manual,sobresaliente
BMW,3 Series,2001,160377,1575.13,8,blanco,gasolina,manual,impecable
Nissan,240SX,2004,24512,13614.42,12,negro,glp,automatico,sobresaliente
Nissan,Pathfinder,2001,21454,40786.74,,blanco,glp,automatico,regular
Mercury,Mystique,2000,90181,43368.33,19,morado,gasolina,manual,excelente
Toyota,Celica,2006,172921,10831.07,,verde,gasolina,automatico,deteriorado
Cadillac,XLR,2015,70116,15022.25,16,negro,gasolina,manual,impecable
Nissan,240SX,1997,99440,7658.28,13,naranja,gasolina,manual,bueno
Pontiac,Aztek,2001,54906,23723.41,,naranja,diesel,manual,impecable
Acura,TSX,2007,13207,27040.77,12,verde,hibrido,manual,excelente
Maserati,Quattroporte,1998,147334,13546.52,16,blanco,glp,manual,deteriorado
Subaru,Legacy,2004,82130,10488.75,10,azul,glp,automatico,impecable
Cadillac,XLR-V,2022,156519,17108.15,19,negro,glp,automatico,excelente
Nissan,Quest,2004,121775,30911.76,15,plateado,glp,manual,impecable
Maybach,Landaulet,2002,80427,39248.65,12,azul,glp,automatico,sobresaliente
Buick,Verano,2019,105370,12513.9,,morado,gasolina,manual,aceptable
Plymouth,Breeze,2009,2254,40880.16,13,naranja,gasolina,automatico,sobresaliente
Mercedes-Benz,W201,2022,29204,5042.22,8,rosa,glp,automatico,impecable
Buick,LaCrosse,1995,132953,21863.3,,negro,electrico,automatico,sobresaliente
Land Rover,Range Rover Sport,2019,163366,20896.59,9,blanco,electrico,manual,deteriorado
Pontiac,Sunfire,2021,28738,2746.67,15,plateado,hibrido,manual,malo
Volvo,V70,2009,16788,26863.7,18,azul,diesel,manual,impecable
Maserati,GranTurismo,2021,84076,13504.83,13,blanco,glp,manual,malo
Dodge,Caravan,2013,164700,43158.13,5,morado,glp,manual,aceptable
Chevrolet,Prizm,2002,147352,31302.42,16,blanco,gasolina,automatico,excelente
Maserati,Karif,2022,47746,40901.13,13,morado,glp,automatico,regular
Ford,Ranger,2001,154172,2924.57,5,plateado,electrico,manual,malo
Buick,Regal,2008,194674,40317.84,20,rojo,electrico,automatico,excelente
Chevrolet,Tahoe,2004,13262,26799.65,11,amarillo,glp,manual,deteriorado
Ford,E-Series,2014,103938,12349.66,13,blanco,electrico,manual,impecable
BMW,3 Series,1998,186170,41367.79,,rojo,hibrido,automatico,malo
GMC,Savana 3500,1997,127279,47484.27,5,rosa,glp,automatico,sobresaliente
Jeep,Wrangler,2004,18533,13358.91,9,morado,diesel,automatico,deteriorado
Dodge,Dakota Club,1995,20614,43709.76,,naranja,glp,manual,malo
Dodge,Ram 3500,2016,82150,11569.06,17,verde,hibrido,manual,aceptable
Ford,Ranger,2002,179546,12249.17,17,naranja,gasolina,automatico,regular
Audi,S6,2014,34273,40107.5,8,plateado,hibrido,manual,impecable
Porsche,928,2008,41581,17522.02,,verde,diesel,automatico,regular
Chrysler,Town & Country,2010,5426,48421.5,16,rojo,gasolina,manual,aceptable
Ford,F350,2004,188996,37348.71,,naranja,gasolina,automatico,impecable
Hyundai,Genesis,2013,42841,31410.87,7,rosa,electrico,automatico,excelente
Chevrolet,Express 3500,2017,61159,13777.78,5,rosa,diesel,manual,sobresaliente
Mazda,Mazda5,2005,54287,17640.85,7,morado,glp,automatico,aceptable
Lexus,IS-F,1996,98134,28858.97,17,plateado,gasolina,automatico,deteriorado
Mazda,CX-5,1995,10466,12725.72,18,naranja,gasolina,manual,aceptable
Oldsmobile,Silhouette,2008,98498,28951.44,6,blanco,electrico,manual,excelente
Pontiac,Grand Prix,2001,87998,27710.42,6,naranja,glp,automatico,bueno
Saab,9-5,2016,145904,32121.81,,azul,glp,automatico,sobresaliente
Chrysler,Sebring,2021,120148,46354.33,12,verde,hibrido,automatico,regular
Mitsubishi,i-MiEV,2008,154759,18382.43,,rosa,electrico,manual,deteriorado
Lexus,ES,2002,44564,39928.76,18,rojo,gasolina,manual,aceptable
Dodge,Dakota,2004,49776,17765.76,6,negro,gasolina,automatico,excelente
GMC,Canyon,2006,169839,24992.97,,amarillo,electrico,automatico,deteriorado
Mazda,626,2005,186070,16742.58,,negro,hibrido,automatico,bueno
Ford,Explorer,2004,11255,49614.02,7,morado,gasolina,automatico,malo
Chevrolet,Prizm,1999,86346,35483.99,14,negro,electrico,automatico,malo
Land Rover,Defender 90,2006,57651,36350.22,16,rosa,diesel,manual,excelente
Ford,Thunderbird,2007,98245,46209.26,15,morado,electrico,manual,impecable
Lotus,Elan,2005,52648,4423.51,,verde,glp,automatico,bueno
Porsche,911,2008,23408,37005.59,6,morado,gasolina,manual,aceptable
Honda,Accord,2010,98594,11746.89,11,verde,hibrido,manual,deteriorado
Volkswagen,Golf,2010,180064,25391.31,19,amarillo,gasolina,manual,excelente
Nissan,Altima,1997,97330,14722.67,,negro,gasolina,automatico,aceptable
Acura,NSX,2007,152815,28810.32,,amarillo,gasolina,automatico,excelente
Ford,Escort,1995,90777,11434.97,,verde,gasolina,manual,malo
Hummer,H1,2017,20958,10120.65,12,rosa,hibrido,automatico,excelente
Saturn,Outlook,1999,127696,33837.13,9,amarillo,diesel,manual,aceptable
Mitsubishi,Lancer,2000,97377,45911.34,13,negro,diesel,automatico,aceptable
Mazda,B-Series Plus,1997,72055,36319.69,9,plateado,electrico,automatico,deteriorado
Volkswagen,Golf,2004,80382,12084.57,7,naranja,diesel,manual,aceptable
Mitsubishi,Diamante,2010,143675,49330.61,9,plateado,hibrido,automatico,bueno
Hyundai,Accent,1998,21921,35390.24,8,morado,hibrido,automatico,regular
BMW,X5 M,2002,25326,38660.0,,naranja,gasolina,automatico,aceptable
Mercedes-Benz,G-Class,2003,34678,2919.81,10,negro,hibrido,automatico,deteriorado
Chevrolet,Silverado 2500,2019,37626,8276.94,7,azul,electrico,manual,aceptable
Mercedes-Benz,W201,2022,158279,39405.1,,verde,glp,automatico,regular
Chevrolet,Corvette,2009,170375,25532.42,11,negro,diesel,manual,regular
Subaru,Forester,2008,187440,6539.32,11,naranja,electrico,manual,malo
Plymouth,Voyager,1996,28566,42173.48,,verde,electrico,automatico,excelente
Mercedes-Benz,S-Class,2004,159579,14235.49,10,amarillo,hibrido,automatico,regular
Dodge,Caravan,2002,50562,21982.33,18,rosa,diesel,manual,impecable
Ford,Expedition,2008,176908,25446.16,10,amarillo,glp,automatico,sobresaliente
Mazda,Mazda6,2007,88395,2981.36,8,verde,glp,manual,impecable
Jaguar,XK,2002,69574,10373.96,,naranja,gasolina,automatico,malo
Toyota,Sequoia,1998,155976,13507.73,14,negro,electrico,automatico,sobresaliente
Chevrolet,Express 2500,2017,68314,46892.96,5,negro,glp,automatico,deteriorado
Maybach,62,2021,64725,48433.96,15,rojo,gasolina,automatico,sobresaliente
Mercedes-Benz,500SEL,1999,194233,2165.33,,rosa,diesel,manual,bueno
Lotus,Elise,2021,85304,8302.16,10,naranja,electrico,manual,deteriorado
BMW,X6,2021,195181,25279.36,11,rojo,gasolina,manual,aceptable
Mazda,MX-5,2009,117411,32990.72,,rojo,diesel,automatico,deteriorado
Chevrolet,Silverado,2007,129101,3724.53,13,morado,diesel,manual,sobresaliente
Volkswagen,Golf,2021,116247,24284.0,12,negro,electrico,automatico,malo
Chrysler,New Yorker,2014,22971,9402.98,15,plateado,glp,automatico,excelente
BMW,X6,1998,125384,46622.45,14,rojo,electrico,manual,regular
Lincoln,Town Car,2007,193151,47222.14,14,blanco,glp,automatico,excelente
Spyker,C8 Laviolette,2009,150569,6274.86,,naranja,electrico,automatico,impecable
Volkswagen,Eos,1998,165569,36687.57,10,morado,hibrido,automatico,impecable
Nissan,Xterra,1996,107000,34735.28,11,verde,hibrido,automatico,regular
Infiniti,QX,2000,69739,11799.43,,rosa,diesel,automatico,excelente
Ford,Escape,2015,58444,32536.25,13,plateado,glp,manual,excelente
Audi,Q5,2010,11851,7486.42,5,plateado,gasolina,manual,regular
GMC,Sierra 1500,2005,43477,8954.93,17,morado,electrico,automatico,deteriorado
GMC,Sonoma,2000,37614,26237.07,,rosa,hibrido,automatico,sobresaliente
Toyota,Tacoma,2007,70785,10702.81,10,amarillo,hibrido,automatico,aceptable
BMW,X5,2008,41349,39525.2,16,amarillo,gasolina,manual,sobresaliente
Chevrolet,Cavalier,2008,3130,30683.6,14,rojo,hibrido,manual,aceptable
Suzuki,Sidekick,2019,170009,46123.5,,amarillo,diesel,manual,impecable
Buick,Riviera,2018,39753,12339.28,,verde,glp,manual,aceptable
Mercury,Cougar,2016,149876,31216.03,14,amarillo,diesel,automatico,excelente
Plymouth,Grand Voyager,2017,126377,5961.45,13,azul,hibrido,manual,bueno
Ford,Explorer,2018,32791,14898.02,11,amarillo,diesel,manual,regular
Lotus,Esprit,2013,84938,7646.67,10,morado,hibrido,automatico,aceptable
Honda,Civic,2021,97580,7735.05,11,rosa,electrico,automatico,malo
Mercury,Marquis,1995,157860,40456.44,13,naranja,electrico,manual,impecable
Land Rover,Defender,2020,79853,3560.45,7,negro,glp,manual,deteriorado
Infiniti,Q,2017,65357,31590.49,,naranja,electrico,automatico,deteriorado
Chevrolet,Silverado 1500,2009,15635,19818.61,18,rojo,glp,manual,sobresaliente
GMC,3500,1999,131445,36699.29,,rosa,hibrido,manual,impecable
Suzuki,Sidekick,2002,63186,18815.91,7,plateado,gasolina,manual,sobresaliente
Chevrolet,Avalanche 2500,2021,67304,32605.73,11,morado,diesel,manual,regular
Suzuki,Aerio,1997,40529,25737.79,5,verde,hibrido,manual,sobresaliente
Jeep,Comanche,1995,165219,41290.7,18,blanco,electrico,manual,malo
Chevrolet,Monte Carlo,1999,172284,3971.53,10,amarillo,diesel,manual,impecable
Pontiac,Aztek,2021,123329,44987.21,17,morado,glp,manual,excelente
Jaguar,XK,1999,50330,1569.37,7,naranja,hibrido,automatico,malo
Nissan,240SX,2019,161070,33257.02,20,amarillo,glp,manual,bueno
Pontiac,Montana,2014,80764,17478.74,12,rojo,glp,manual,aceptable
Geo,Metro,2004,35354,5449.7,,naranja,diesel,manual,aceptable
Buick,Century,2020,30050,2150.07,12,verde,electrico,automatico,deteriorado
Chevrolet,Tracker,2006,97695,3299.4,,naranja,glp,automatico,aceptable
Kia,Sportage,1995,34854,12963.45,13,morado,glp,manual,regular
Ferrari,458 Italia,1996,6256,48103.2,14,naranja,gasolina,manual,regular
Saturn,Aura,2012,103056,49318.57,5,negro,hibrido,manual,impecable
Ford,Explorer,1996,52239,34846.21,,rojo,glp,manual,bueno
Toyota,Prius,2007,105050,42598.76,,amarillo,hibrido,automatico,malo
MINI,Cooper,1999,121584,42864.73,20,negro,gasolina,manual,aceptable
Hyundai,Sonata,2011,21080,26934.14,15,rojo,glp,automatico,excelente
GMC,Jimmy,2021,168357,39305.21,,verde,electrico,manual,malo
Aston Martin,Vanquish S,2002,31468,28433.39,,plateado,hibrido,automatico,regular
Chevrolet,Corvette,2004,81698,18885.56,19,azul,gasolina,manual,impecable
Saab,900,2001,128043,33673.45,,plateado,gasolina,manual,bueno
Mitsubishi,Starion,2018,151017,17743.06,,naranja,glp,automatico,aceptable
Subaru,SVX,2012,98381,38462.25,9,blanco,diesel,manual,regular
Honda,Pilot,2005,170647,36397.31,15,verde,electrico,automatico,sobresaliente
Lamborghini,Gallardo,2001,111107,11138.45,5,naranja,glp,manual,bueno
Nissan,Armada,2004,2818,2429.72,5,blanco,hibrido,automatico,aceptable
Mercedes-Benz,SL-Class,2004,115135,15486.91,13,naranja,electrico,manual,excelente
Suzuki,XL-7,1997,152114,2942.08,7,verde,diesel,automatico,impecable
Audi,Cabriolet,1996,70401,40041.84,6,blanco,hibrido,automatico,sobresaliente
Saab,900,2017,171418,36905.27,,amarillo,gasolina,automatico,regular
Ford,F-Series Super Duty,2003,34194,21822.26,19,rosa,diesel,automatico,regular
Alfa Romeo,Spider,2003,65932,24835.81,13,azul,diesel,manual,excelente
Mercedes-Benz,CL-Class,2016,115298,41927.2,18,naranja,diesel,manual,deteriorado
Ford,Torino,2022,68827,13501.13,,amarillo,hibrido,manual,deteriorado
Mazda,626,2019,44932,42490.22,,negro,gasolina,automatico,excelente
Jeep,Patriot,2005,43395,17664.73,6,rojo,electrico,automatico,sobresaliente
Plymouth,Voyager,2015,192739,22239.88,10,negro,diesel,automatico,bueno
Volvo,C70,2004,160907,12371.5,,rosa,hibrido,manual,excelente
Audi,A8,2020,11978,25036.53,16,plateado,hibrido,automatico,aceptable
Mazda,Mazda3,2010,29077,9268.0,5,verde,diesel,manual,impecable
Mercury,Sable,2017,18025,24486.35,16,naranja,glp,automatico,regular
Chevrolet,G-Series G30,2019,13533,34799.07,11,plateado,gasolina,manual,sobresaliente
Ferrari,F430,1999,3905,18914.41,20,verde,electrico,automatico,sobresaliente
Audi,Quattro,2016,78270,28363.64,,morado,diesel,automatico,impecable
Audi,S4,2010,179011,18452.52,19,plateado,electrico,manual,sobresaliente
Lincoln,Town Car,1996,51507,26647.58,16,negro,gasolina,manual,sobresaliente
Subaru,Tribeca,1995,108571,6916.04,,rojo,diesel,automatico,excelente
Honda,Civic,2022,158781,32291.28,19,verde,hibrido,automatico,regular
Eagle,Talon,2021,15484,34013.7,20,rosa,diesel,manual,aceptable
Pontiac,GTO,2009,144915,36212.32,,amarillo,electrico,manual,aceptable
MINI,Cooper Clubman,2019,181876,49426.65,20,negro,hibrido,automatico,excelente
Chevrolet,TrailBlazer,1995,197589,25935.96,20,naranja,diesel,automatico,sobresaliente
Jaguar,XJ Series,2017,63859,25206.85,,azul,diesel,automatico,impecable
Buick,Skylark,2014,36895,47995.34,,rosa,glp,manual,impecable
BMW,760,2002,55686,15176.1,16,blanco,electrico,manual,deteriorado
Mazda,626,2003,114202,20562.01,,verde,glp,manual,malo
Pontiac,Bonneville,2014,144239,47317.63,12,morado,diesel,automatico,excelente
Honda,Pilot,2020,106917,31427.09,13,rojo,diesel,manual,malo
GMC,Vandura G3500,2005,46160,40869.75,13,morado,hibrido,manual,deteriorado
BMW,M3,2002,83350,42541.23,,naranja,electrico,automatico,regular
Lexus,RX Hybrid,1997,190615,27008.16,12,rosa,electrico,manual,impecable
Mitsubishi,Galant,2014,62463,2246.39,5,plateado,hibrido,automatico,bueno
Hummer,H1,1995,197801,42498.45,12,plateado,electrico,manual,impecable
Mitsubishi,Pajero,2009,47473,27101.47,,amarillo,glp,automatico,deteriorado
Volvo,XC70,1996,25982,46621.23,,plateado,electrico,manual,aceptable
